<metadata xml:lang="en"><Esri><CreaDate>20121212</CreaDate><CreaTime>14234800</CreaTime><ArcGISFormat>1.0</ArcGISFormat><SyncOnce>TRUE</SyncOnce><ModDate>20121212</ModDate><ModTime>14274100</ModTime><scaleRange><minScale>150000000</minScale><maxScale>5000</maxScale></scaleRange><ArcGISProfile>ItemDescription</ArcGISProfile></Esri><dataIdInfo><idPurp>KY 2010 Precincts</idPurp><idCredit>Created by KY Legislative Research Commission GIS Office.</idCredit><idCitation><resTitle>Kentucky 2010 Precincts</resTitle></idCitation><resConst><Consts><useLimit>&lt;DIV STYLE="text-align:Left;"&gt;&lt;DIV&gt;&lt;DIV&gt;&lt;P&gt;&lt;SPAN&gt;LRC does not guarantee the accuracy of this data&lt;/SPAN&gt;&lt;/P&gt;&lt;/DIV&gt;&lt;/DIV&gt;&lt;/DIV&gt;</useLimit></Consts></resConst><idAbs>&lt;DIV STYLE="text-align:Left;"&gt;&lt;DIV&gt;&lt;P&gt;&lt;SPAN&gt;Precincts used for 2010 Redistricting&lt;/SPAN&gt;&lt;/P&gt;&lt;/DIV&gt;&lt;/DIV&gt;</idAbs></dataIdInfo></metadata>
